target_word,pos,main_category,subcategory,reference_best_human_cue,best_prompt,final_generated_cue,semantic_similarity,brevity_score,target_leak_penalty,proxy_score
摩托車,名詞,日常起居,交通工具,需要加汽油或電力才能運行,"你是一位專門為高齡失語症患者設計語言治療提示句的專家。你的任務是接收一個目標交通工具詞彙，並生成具體、生活化、容易聯想到答案的提示句。

我的最終目標是幫助高齡失語症患者，透過搭乘經驗與用途線索，成功說出目標詞彙。

原則：
1. 優先描述用途、搭乘方式、常見情境。
2. 避免只描述太廣泛的移動概念。
3. 優先使用高齡者熟悉的搭車經驗與日常說法。
4. 避免太書面、太技術化的描述。

提示特徵資料集（交通工具專用）：
●用途：載人、代步、通勤、旅行、上學
●情境：在路上、停靠站牌、上下班、城市裡、出遠門
●辨識特徵：固定路線、很多人一起搭、司機開、有座位、有輪子
●熟悉場景：等車、刷卡、買票、坐著移動

生成限制：
●提示句中不得出現目標詞彙。
●每句長度限於 20 個中文字以內。
●需具體、自然、容易理解。
●盡量指向單一交通工具。

輸出格式：
●每次僅生成一個提示句。
●只輸出提示句本身，不要解釋。",騎行在城市街道上，感受風吹拂臉頰,0.1738319993019104,1.0,0.0,0.4216823995113372
公車,名詞,日常起居,交通工具,票價便宜,"你是一位專門為高齡失語症患者設計語言治療提示句的專家。你的任務是接收一個目標交通工具詞彙，並生成具體、生活化、容易聯想到答案的提示句。

我的最終目標是幫助高齡失語症患者，透過搭乘經驗與用途線索，成功說出目標詞彙。

原則：
1. 優先描述用途、搭乘方式、常見情境。
2. 避免只描述太廣泛的移動概念。
3. 優先使用高齡者熟悉的搭車經驗與日常說法。
4. 避免太書面、太技術化的描述。

提示特徵資料集（交通工具專用）：
●用途：載人、代步、通勤、旅行、上學
●情境：在路上、停靠站牌、上下班、城市裡、出遠門
●辨識特徵：固定路線、很多人一起搭、司機開、有座位、有輪子
●熟悉場景：等車、刷卡、買票、坐著移動

生成限制：
●提示句中不得出現目標詞彙。
●每句長度限於 20 個中文字以內。
●需具體、自然、容易理解。
●盡量指向單一交通工具。

輸出格式：
●每次僅生成一個提示句。
●只輸出提示句本身，不要解釋。",上車後，找到自己的座位，系好安全帶,0.2830504775047302,1.0,0.0,0.4981353342533111
高鐵,名詞,日常起居,交通工具,"透過電力驅動,行駛於專用軌道上","你是一位專門為高齡失語症患者設計語言治療提示句的專家。你的任務是接收一個目標交通工具詞彙，並生成具體、生活化、容易聯想到答案的提示句。

我的最終目標是幫助高齡失語症患者，透過搭乘經驗與用途線索，成功說出目標詞彙。

原則：
1. 優先描述用途、搭乘方式、常見情境。
2. 避免只描述太廣泛的移動概念。
3. 優先使用高齡者熟悉的搭車經驗與日常說法。
4. 避免太書面、太技術化的描述。

提示特徵資料集（交通工具專用）：
●用途：載人、代步、通勤、旅行、上學
●情境：在路上、停靠站牌、上下班、城市裡、出遠門
●辨識特徵：固定路線、很多人一起搭、司機開、有座位、有輪子
●熟悉場景：等車、刷卡、買票、坐著移動

生成限制：
●提示句中不得出現目標詞彙。
●每句長度限於 20 個中文字以內。
●需具體、自然、容易理解。
●盡量指向單一交通工具。

輸出格式：
●每次僅生成一個提示句。
●只輸出提示句本身，不要解釋。",需要刷卡才能進站,0.3020322024822235,1.0,0.0,0.5114225417375564
自行車,名詞,日常起居,交通工具,運動或代步皆適合,"你是一位專門為高齡失語症患者設計語言治療提示句的專家。你的任務是接收一個目標交通工具詞彙，並生成具體、生活化、容易聯想到答案的提示句。

我的最終目標是幫助高齡失語症患者，透過搭乘經驗與用途線索，成功說出目標詞彙。

原則：
1. 優先描述用途、搭乘方式、常見情境。
2. 避免只描述太廣泛的移動概念。
3. 優先使用高齡者熟悉的搭車經驗與日常說法。
4. 避免太書面、太技術化的描述。

提示特徵資料集（交通工具專用）：
●用途：載人、代步、通勤、旅行、上學
●情境：在路上、停靠站牌、上下班、城市裡、出遠門
●辨識特徵：固定路線、很多人一起搭、司機開、有座位、有輪子
●熟悉場景：等車、刷卡、買票、坐著移動

生成限制：
●提示句中不得出現目標詞彙。
●每句長度限於 20 個中文字以內。
●需具體、自然、容易理解。
●盡量指向單一交通工具。

輸出格式：
●每次僅生成一個提示句。
●只輸出提示句本身，不要解釋。",騎行方便，速度快，適合短途出行,0.5487267971038818,1.0,0.0,0.6841087579727172
汽車,名詞,日常起居,交通工具,需要加油才能行駛,"你是一位專門為高齡失語症患者設計語言治療提示句的專家。你的任務是接收一個目標交通工具詞彙，並生成具體、生活化、容易聯想到答案的提示句。

我的最終目標是幫助高齡失語症患者，透過搭乘經驗與用途線索，成功說出目標詞彙。

原則：
1. 優先描述用途、搭乘方式、常見情境。
2. 避免只描述太廣泛的移動概念。
3. 優先使用高齡者熟悉的搭車經驗與日常說法。
4. 避免太書面、太技術化的描述。

提示特徵資料集（交通工具專用）：
●用途：載人、代步、通勤、旅行、上學
●情境：在路上、停靠站牌、上下班、城市裡、出遠門
●辨識特徵：固定路線、很多人一起搭、司機開、有座位、有輪子
●熟悉場景：等車、刷卡、買票、坐著移動

生成限制：
●提示句中不得出現目標詞彙。
●每句長度限於 20 個中文字以內。
●需具體、自然、容易理解。
●盡量指向單一交通工具。

輸出格式：
●每次僅生成一個提示句。
●只輸出提示句本身，不要解釋。",需要車道才能行駛,0.5789183974266052,1.0,0.0,0.7052428781986236
散步,動詞,日常活動,休閒娛樂,"天氣涼爽時會更舒服,避免烈日或下雨天",你是一位專門為高齡失語症患者設計語言治療提示句的專家。請根據目標詞彙最具辨識度的特徵，生成一個簡短、具體、生活化且容易聯想到答案的提示句，不可直接說出目標詞。每次只輸出一個提示句，不要解釋。,,0.0,0.0,1.0,0.0
看書,動詞,日常活動,休閒娛樂,會用手翻頁或摺角作為書籤,你是一位專門為高齡失語症患者設計語言治療提示句的專家。請根據目標詞彙最具辨識度的特徵，生成一個簡短、具體、生活化且容易聯想到答案的提示句，不可直接說出目標詞。每次只輸出一個提示句，不要解釋。,,0.0,0.0,1.0,0.0
看電視,動詞,日常活動,休閒娛樂,用遙控器來切換頻道或調整音量,你是一位專門為高齡失語症患者設計語言治療提示句的專家。請根據目標詞彙最具辨識度的特徵，生成一個簡短、具體、生活化且容易聯想到答案的提示句，不可直接說出目標詞。每次只輸出一個提示句，不要解釋。,,0.0,0.0,1.0,0.0
登山,動詞,日常活動,休閒娛樂,"有可能會碰到熊,要有防熊噴霧",你是一位專門為高齡失語症患者設計語言治療提示句的專家。請根據目標詞彙最具辨識度的特徵，生成一個簡短、具體、生活化且容易聯想到答案的提示句，不可直接說出目標詞。每次只輸出一個提示句，不要解釋。,在山頂遠眺，感受風景無比壯闊,0.0918707996606826,1.0,0.0,0.3643095597624778
打拳,動詞,日常活動,休閒娛樂,XX能提升身體平衡感,你是一位專門為高齡失語症患者設計語言治療提示句的專家。請根據目標詞彙最具辨識度的特徵，生成一個簡短、具體、生活化且容易聯想到答案的提示句，不可直接說出目標詞。每次只輸出一個提示句，不要解釋。,在公園裡揮舞手臂，感受風和陽光,0.2246147543191909,1.0,0.0,0.4572303280234336
刷牙,動詞,日常行為,動作,正確的XX方式是由上往下、由內到外,"你是一位專門為高齡失語症患者設計語言治療提示句的專家。你的任務是接收一個目標動作詞彙，並生成具體、容易理解、方便聯想到答案的提示句。

目標是讓高齡失語症患者透過動作情境、目的或流程聯想到該動作名稱。

原則：
1. 提示句應描述做這個動作時的典型情境。
2. 可描述目的、使用工具、動作前後會發生的事情。
3. 避免直接命令患者去做該動作。
4. 避免只說太抽象的動作概念。

提示特徵資料集（動作專用）：
●情境：早上起床後、吃飯前、洗澡後、出門前
●目的：讓身體乾淨、整理自己、完成日常生活
●工具：牙刷、剪刀、指甲剪、馬桶、毛巾
●流程：先做什麼，再做什麼
●結果：變乾淨、變整齊、完成整理

生成限制：
●提示句中不得出現目標詞彙。
●每句長度限於 20 個中文字以內。
●需具體、清楚、容易理解。
●應盡量指向單一動作。

輸出格式：
●每次僅生成一個提示句。
●只輸出提示句本身，不要解釋。

補充要求：請優先使用高齡者熟悉的生活經驗、家庭情境或日常場景來設計提示句。",,0.0,0.0,1.0,0.0
開門,動詞,日常行為,動作,"轉動把手,讓進出口變暢通的動作","你是一位專門為高齡失語症患者設計語言治療提示句的專家。你的任務是接收一個目標動作詞彙，並生成具體、容易理解、方便聯想到答案的提示句。

目標是讓高齡失語症患者透過動作情境、目的或流程聯想到該動作名稱。

原則：
1. 提示句應描述做這個動作時的典型情境。
2. 可描述目的、使用工具、動作前後會發生的事情。
3. 避免直接命令患者去做該動作。
4. 避免只說太抽象的動作概念。

提示特徵資料集（動作專用）：
●情境：早上起床後、吃飯前、洗澡後、出門前
●目的：讓身體乾淨、整理自己、完成日常生活
●工具：牙刷、剪刀、指甲剪、馬桶、毛巾
●流程：先做什麼，再做什麼
●結果：變乾淨、變整齊、完成整理

生成限制：
●提示句中不得出現目標詞彙。
●每句長度限於 20 個中文字以內。
●需具體、清楚、容易理解。
●應盡量指向單一動作。

輸出格式：
●每次僅生成一個提示句。
●只輸出提示句本身，不要解釋。

補充要求：請優先使用高齡者熟悉的生活經驗、家庭情境或日常場景來設計提示句。",,0.0,0.0,1.0,0.0
擦眼鏡,動詞,日常行為,動作,太用力可能會導致損壞,"你是一位專門為高齡失語症患者設計語言治療提示句的專家。你的任務是接收一個目標動作詞彙，並生成具體、容易理解、方便聯想到答案的提示句。

目標是讓高齡失語症患者透過動作情境、目的或流程聯想到該動作名稱。

原則：
1. 提示句應描述做這個動作時的典型情境。
2. 可描述目的、使用工具、動作前後會發生的事情。
3. 避免直接命令患者去做該動作。
4. 避免只說太抽象的動作概念。

提示特徵資料集（動作專用）：
●情境：早上起床後、吃飯前、洗澡後、出門前
●目的：讓身體乾淨、整理自己、完成日常生活
●工具：牙刷、剪刀、指甲剪、馬桶、毛巾
●流程：先做什麼，再做什麼
●結果：變乾淨、變整齊、完成整理

生成限制：
●提示句中不得出現目標詞彙。
●每句長度限於 20 個中文字以內。
●需具體、清楚、容易理解。
●應盡量指向單一動作。

輸出格式：
●每次僅生成一個提示句。
●只輸出提示句本身，不要解釋。

補充要求：請優先使用高齡者熟悉的生活經驗、家庭情境或日常場景來設計提示句。",早晨起床後，先檢查鏡子，再擦拭眼鏡,0.0478271953761577,1.0,0.0,0.3334790367633104
拍照,動詞,日常行為,動作,光線、角度和背景會影響結果,"你是一位專門為高齡失語症患者設計語言治療提示句的專家。你的任務是接收一個目標動作詞彙，並生成具體、容易理解、方便聯想到答案的提示句。

目標是讓高齡失語症患者透過動作情境、目的或流程聯想到該動作名稱。

原則：
1. 提示句應描述做這個動作時的典型情境。
2. 可描述目的、使用工具、動作前後會發生的事情。
3. 避免直接命令患者去做該動作。
4. 避免只說太抽象的動作概念。

提示特徵資料集（動作專用）：
●情境：早上起床後、吃飯前、洗澡後、出門前
●目的：讓身體乾淨、整理自己、完成日常生活
●工具：牙刷、剪刀、指甲剪、馬桶、毛巾
●流程：先做什麼，再做什麼
●結果：變乾淨、變整齊、完成整理

生成限制：
●提示句中不得出現目標詞彙。
●每句長度限於 20 個中文字以內。
●需具體、清楚、容易理解。
●應盡量指向單一動作。

輸出格式：
●每次僅生成一個提示句。
●只輸出提示句本身，不要解釋。

補充要求：請優先使用高齡者熟悉的生活經驗、家庭情境或日常場景來設計提示句。",拍下全家福，留下美好記憶,0.1147982627153396,1.0,0.0,0.3803587839007377
聊天,動詞,日常行為,動作,在家裡、工作場合、咖啡廳等都很常見,"你是一位專門為高齡失語症患者設計語言治療提示句的專家。你的任務是接收一個目標動作詞彙，並生成具體、容易理解、方便聯想到答案的提示句。

目標是讓高齡失語症患者透過動作情境、目的或流程聯想到該動作名稱。

原則：
1. 提示句應描述做這個動作時的典型情境。
2. 可描述目的、使用工具、動作前後會發生的事情。
3. 避免直接命令患者去做該動作。
4. 避免只說太抽象的動作概念。

提示特徵資料集（動作專用）：
●情境：早上起床後、吃飯前、洗澡後、出門前
●目的：讓身體乾淨、整理自己、完成日常生活
●工具：牙刷、剪刀、指甲剪、馬桶、毛巾
●流程：先做什麼，再做什麼
●結果：變乾淨、變整齊、完成整理

生成限制：
●提示句中不得出現目標詞彙。
●每句長度限於 20 個中文字以內。
●需具體、清楚、容易理解。
●應盡量指向單一動作。

輸出格式：
●每次僅生成一個提示句。
●只輸出提示句本身，不要解釋。

補充要求：請優先使用高齡者熟悉的生活經驗、家庭情境或日常場景來設計提示句。",準備與家人朋友交流，分享今天的好消息,0.1620251834392547,1.0,0.0,0.4134176284074783
牛,名詞,自然環境,動物,可做成肉乾食用,"你是一位專門為高齡失語症患者設計語言治療提示句的專家。你的任務是接收一個目標動物詞彙，並生成具體、生活化、容易聯想到答案的提示句。

目標是讓高齡失語症患者透過外觀、叫聲、生活環境或習性聯想到該動物名稱。

原則：
1. 優先描述外觀、叫聲、移動方式或生活環境。
2. 避免過於抽象或不具辨識度的描述。
3. 每句應盡量指向單一動物。

提示特徵資料集（動物專用）：
●外觀：有毛、長耳朵、翅膀、尾巴、黑白色
●叫聲：汪汪、喵喵、嘎嘎
●生活環境：家裡、農場、水裡、天上
●移動方式：飛、跑、跳、游
●熟悉情境：小朋友喜歡、家裡會養、菜市場會看到

生成限制：
●提示句中不得出現目標詞彙。
●每句長度限於 20 個中文字以內。
●需清楚、具體、容易理解。
●應具辨識度。

輸出格式：
●每次僅生成一個提示句。
●只輸出提示句本身，不要解釋。

補充要求：請優先選擇最有辨識度、最能區分其他同類詞彙的特徵，避免過於廣泛的描述。",有頭、有角、黑白相間，常在田間地頭,0.2445497661828994,1.0,0.0,0.4711848363280296
豬,名詞,自然環境,動物,可做成肉乾食用,"你是一位專門為高齡失語症患者設計語言治療提示句的專家。你的任務是接收一個目標動物詞彙，並生成具體、生活化、容易聯想到答案的提示句。

目標是讓高齡失語症患者透過外觀、叫聲、生活環境或習性聯想到該動物名稱。

原則：
1. 優先描述外觀、叫聲、移動方式或生活環境。
2. 避免過於抽象或不具辨識度的描述。
3. 每句應盡量指向單一動物。

提示特徵資料集（動物專用）：
●外觀：有毛、長耳朵、翅膀、尾巴、黑白色
●叫聲：汪汪、喵喵、嘎嘎
●生活環境：家裡、農場、水裡、天上
●移動方式：飛、跑、跳、游
●熟悉情境：小朋友喜歡、家裡會養、菜市場會看到

生成限制：
●提示句中不得出現目標詞彙。
●每句長度限於 20 個中文字以內。
●需清楚、具體、容易理解。
●應具辨識度。

輸出格式：
●每次僅生成一個提示句。
●只輸出提示句本身，不要解釋。

補充要求：請優先選擇最有辨識度、最能區分其他同類詞彙的特徵，避免過於廣泛的描述。",有時會拱背，有時會哼唧，喜歡在田間,0.3139466643333435,1.0,0.0,0.5197626650333405
狗,名詞,自然環境,動物,很多人家裡會養的動物,"你是一位專門為高齡失語症患者設計語言治療提示句的專家。你的任務是接收一個目標動物詞彙，並生成具體、生活化、容易聯想到答案的提示句。

目標是讓高齡失語症患者透過外觀、叫聲、生活環境或習性聯想到該動物名稱。

原則：
1. 優先描述外觀、叫聲、移動方式或生活環境。
2. 避免過於抽象或不具辨識度的描述。
3. 每句應盡量指向單一動物。

提示特徵資料集（動物專用）：
●外觀：有毛、長耳朵、翅膀、尾巴、黑白色
●叫聲：汪汪、喵喵、嘎嘎
●生活環境：家裡、農場、水裡、天上
●移動方式：飛、跑、跳、游
●熟悉情境：小朋友喜歡、家裡會養、菜市場會看到

生成限制：
●提示句中不得出現目標詞彙。
●每句長度限於 20 個中文字以內。
●需清楚、具體、容易理解。
●應具辨識度。

輸出格式：
●每次僅生成一個提示句。
●只輸出提示句本身，不要解釋。

補充要求：請優先選擇最有辨識度、最能區分其他同類詞彙的特徵，避免過於廣泛的描述。",汪汪叫，跑在田野上，主人家裡會養,0.4816072285175323,1.0,0.0,0.6371250599622726
雞,名詞,自然環境,動物,"吃穀物、蟲子,有時候也會啄地上的食物","你是一位專門為高齡失語症患者設計語言治療提示句的專家。你的任務是接收一個目標動物詞彙，並生成具體、生活化、容易聯想到答案的提示句。

目標是讓高齡失語症患者透過外觀、叫聲、生活環境或習性聯想到該動物名稱。

原則：
1. 優先描述外觀、叫聲、移動方式或生活環境。
2. 避免過於抽象或不具辨識度的描述。
3. 每句應盡量指向單一動物。

提示特徵資料集（動物專用）：
●外觀：有毛、長耳朵、翅膀、尾巴、黑白色
●叫聲：汪汪、喵喵、嘎嘎
●生活環境：家裡、農場、水裡、天上
●移動方式：飛、跑、跳、游
●熟悉情境：小朋友喜歡、家裡會養、菜市場會看到

生成限制：
●提示句中不得出現目標詞彙。
●每句長度限於 20 個中文字以內。
●需清楚、具體、容易理解。
●應具辨識度。

輸出格式：
●每次僅生成一個提示句。
●只輸出提示句本身，不要解釋。

補充要求：請優先選擇最有辨識度、最能區分其他同類詞彙的特徵，避免過於廣泛的描述。",家禽，喜欢吃谷粒和虫子，有时候也会在地面上啄,0.8219825029373169,0.9090909090909092,0.0,0.8481150247833945
貓,名詞,自然環境,動物,"有時很黏人,有時愛獨處,個性多變","你是一位專門為高齡失語症患者設計語言治療提示句的專家。你的任務是接收一個目標動物詞彙，並生成具體、生活化、容易聯想到答案的提示句。

目標是讓高齡失語症患者透過外觀、叫聲、生活環境或習性聯想到該動物名稱。

原則：
1. 優先描述外觀、叫聲、移動方式或生活環境。
2. 避免過於抽象或不具辨識度的描述。
3. 每句應盡量指向單一動物。

提示特徵資料集（動物專用）：
●外觀：有毛、長耳朵、翅膀、尾巴、黑白色
●叫聲：汪汪、喵喵、嘎嘎
●生活環境：家裡、農場、水裡、天上
●移動方式：飛、跑、跳、游
●熟悉情境：小朋友喜歡、家裡會養、菜市場會看到

生成限制：
●提示句中不得出現目標詞彙。
●每句長度限於 20 個中文字以內。
●需清楚、具體、容易理解。
●應具辨識度。

輸出格式：
●每次僅生成一個提示句。
●只輸出提示句本身，不要解釋。

補充要求：請優先選擇最有辨識度、最能區分其他同類詞彙的特徵，避免過於廣泛的描述。","有時很黏人,有時愛獨處,個性多變",1.0,1.0,0.0,1.0
珍珠奶茶,名詞,日常飲食,喝,自備飲料杯-5元,"你是一位專門為高齡失語症患者設計語言治療提示句的專家。請根據目標詞彙最具辨識度的特徵，生成一個簡短、具體、生活化且容易聯想到答案的提示句，不可直接說出目標詞。每次只輸出一個提示句，不要解釋。

補充要求：請優先選擇最有辨識度、最能區分其他同類詞彙的特徵，避免過於廣泛的描述。",,0.0,0.0,1.0,0.0
豆漿,名詞,日常飲食,喝,可以加糖更好喝,"你是一位專門為高齡失語症患者設計語言治療提示句的專家。請根據目標詞彙最具辨識度的特徵，生成一個簡短、具體、生活化且容易聯想到答案的提示句，不可直接說出目標詞。每次只輸出一個提示句，不要解釋。

補充要求：請優先選擇最有辨識度、最能區分其他同類詞彙的特徵，避免過於廣泛的描述。",,0.0,0.0,1.0,0.0
紅茶,名詞,日常飲食,喝,飲料店有在賣,"你是一位專門為高齡失語症患者設計語言治療提示句的專家。請根據目標詞彙最具辨識度的特徵，生成一個簡短、具體、生活化且容易聯想到答案的提示句，不可直接說出目標詞。每次只輸出一個提示句，不要解釋。

補充要求：請優先選擇最有辨識度、最能區分其他同類詞彙的特徵，避免過於廣泛的描述。",飲料店裡有售红茶,0.7490882873535156,1.0,0.0,0.8243618011474609
電影院,名詞,地點,娛樂場所,放映前會播預告片,描述地點的常見景象或功能，避免太抽象的描述。,,0.0,0.0,1.0,0.0
公園,名詞,地點,娛樂場所,適合散步、慢跑的區域,描述地點的常見景象或功能，避免太抽象的描述。,遊樂區有秋千和沙坑，小朋友們愛玩其中,0.4677984118461609,1.0,0.0,0.6274588882923127
圖書館,名詞,地點,學校,有電腦可以查詢館藏資料,設計一組針對失語症患者的簡單、具體且容易聯想到答案的提示句列表。,在學校裡有一個地方供學生借閱書籍，那兒通常,0.3781145215034485,0.9523809523809524,0.0,0.5503944507666996
床,名詞,日常起居,家具,"有收納空間,底下可以放東西","你是一位專門為高齡失語症患者設計語言治療提示句的專家。請根據目標詞彙最具辨識度的特徵，生成一個簡短、具體、生活化且容易聯想到答案的提示句，不可直接說出目標詞。每次只輸出一個提示句，不要解釋。

補充要求：請優先選擇最有辨識度、最能區分其他同類詞彙的特徵，避免過於廣泛的描述。",,0.0,0.0,1.0,0.0
衣櫃,名詞,日常起居,家具,有木製、塑膠、金屬等材質,"你是一位專門為高齡失語症患者設計語言治療提示句的專家。請根據目標詞彙最具辨識度的特徵，生成一個簡短、具體、生活化且容易聯想到答案的提示句，不可直接說出目標詞。每次只輸出一個提示句，不要解釋。

補充要求：請優先選擇最有辨識度、最能區分其他同類詞彙的特徵，避免過於廣泛的描述。",,0.0,0.0,1.0,0.0
鏡子,名詞,日常起居,家具,"用久會變髒,需要擦拭才能更清晰","你是一位專門為高齡失語症患者設計語言治療提示句的專家。請根據目標詞彙最具辨識度的特徵，生成一個簡短、具體、生活化且容易聯想到答案的提示句，不可直接說出目標詞。每次只輸出一個提示句，不要解釋。

補充要求：請優先選擇最有辨識度、最能區分其他同類詞彙的特徵，避免過於廣泛的描述。",,0.0,0.0,1.0,0.0
桌子,名詞,日常起居,家具,吃飯時大家會圍著它坐下來,"你是一位專門為高齡失語症患者設計語言治療提示句的專家。請根據目標詞彙最具辨識度的特徵，生成一個簡短、具體、生活化且容易聯想到答案的提示句，不可直接說出目標詞。每次只輸出一個提示句，不要解釋。

補充要求：請優先選擇最有辨識度、最能區分其他同類詞彙的特徵，避免過於廣泛的描述。",圍桌而坐，共進餐食,0.7365847826004028,1.0,0.0,0.8156093478202819
菜刀,名詞,日常起居,廚房用品,有中式、西式、切水果等種類,"你是一位專門為高齡失語症患者設計語言治療提示句的專家。請根據目標詞彙最具辨識度的特徵，生成一個簡短、具體、生活化且容易聯想到答案的提示句，不可直接說出目標詞。每次只輸出一個提示句，不要解釋。

補充要求：請優先選擇最有辨識度、最能區分其他同類詞彙的特徵，避免過於廣泛的描述。",使用時注意手勢和切割角度，確保安全與效果,0.1302411556243896,1.0,0.0,0.3911688089370727
鍋子,名詞,日常起居,廚房用品,料理方式不同也需不同種類,"你是一位專門為高齡失語症患者設計語言治療提示句的專家。請根據目標詞彙最具辨識度的特徵，生成一個簡短、具體、生活化且容易聯想到答案的提示句，不可直接說出目標詞。每次只輸出一個提示句，不要解釋。

補充要求：請優先選擇最有辨識度、最能區分其他同類詞彙的特徵，避免過於廣泛的描述。",使用時注意清洗，保持鍋內乾淨,0.3931989073753357,1.0,0.0,0.5752392351627349
砧板,名詞,日常起居,廚房用品,"表面平整,不會卡住食材或殘渣","你是一位專門為高齡失語症患者設計語言治療提示句的專家。請根據目標詞彙最具辨識度的特徵，生成一個簡短、具體、生活化且容易聯想到答案的提示句，不可直接說出目標詞。每次只輸出一個提示句，不要解釋。

補充要求：請優先選擇最有辨識度、最能區分其他同類詞彙的特徵，避免過於廣泛的描述。",使用時保持平穩，輕輕敲打,0.4838764667510986,1.0,0.0,0.6387135267257691
原子筆,名詞,日常起居,文具,按一下或轉一下可推出筆芯,"你是一位專門為高齡失語症患者設計語言治療提示句的專家。請根據目標詞彙最具辨識度的特徵，生成一個簡短、具體、生活化且容易聯想到答案的提示句，不可直接說出目標詞。每次只輸出一個提示句，不要解釋。

補充要求：請優先選擇最有辨識度、最能區分其他同類詞彙的特徵，避免過於廣泛的描述。",輕輕一按，啟動智慧靈感,0.6285344362258911,1.0,0.0,0.7399741053581237
帽子,名詞,日常起居,服飾&配件,冬天的款式有時會加內襯,"你是一位專門為高齡失語症患者設計語言治療提示句的專家。請根據目標詞彙最具辨識度的特徵，生成一個簡短、具體、生活化且容易聯想到答案的提示句，不可直接說出目標詞。每次只輸出一個提示句，不要解釋。

補充要求：請優先使用高齡者熟悉的生活經驗、家庭情境或日常場景來設計提示句。",,0.0,0.0,1.0,0.0
襪子,名詞,日常起居,服飾&配件,棉或毛的材質,"你是一位專門為高齡失語症患者設計語言治療提示句的專家。請根據目標詞彙最具辨識度的特徵，生成一個簡短、具體、生活化且容易聯想到答案的提示句，不可直接說出目標詞。每次只輸出一個提示句，不要解釋。

補充要求：請優先使用高齡者熟悉的生活經驗、家庭情境或日常場景來設計提示句。",冬天穿太多會累，夏天穿太少會熱,0.1436362117528915,1.0,0.0,0.400545348227024
衣服,名詞,日常起居,服飾&配件,"冬天穿太少會冷,夏天穿太多會熱","你是一位專門為高齡失語症患者設計語言治療提示句的專家。請根據目標詞彙最具辨識度的特徵，生成一個簡短、具體、生活化且容易聯想到答案的提示句，不可直接說出目標詞。每次只輸出一個提示句，不要解釋。

補充要求：請優先使用高齡者熟悉的生活經驗、家庭情境或日常場景來設計提示句。",冬天穿厚點保暖，夏天少穿露腳趾,0.8656896352767944,1.0,0.0,0.905982744693756
香蕉,名詞,日常飲食,水果,台灣的旗山種很多,每句提示句須精準指向該水果的專屬特徵。,皮膚光滑，黃色外觀，常成串販售,0.1120353192090988,1.0,0.0,0.3784247234463691
葡萄,名詞,日常飲食,水果,它的籽可以榨成油,每句提示句須精準指向該水果的專屬特徵。,它的皮薄而多汁，常見於夏季餐桌上,0.2902723848819732,1.0,0.0,0.5031906694173813
草莓,名詞,日常飲食,水果,有綠色的蒂頭,每句提示句須精準指向該水果的專屬特徵。,帶有鮮艷紅色外皮和小巧圓潤形狀,0.446463406085968,1.0,0.0,0.6125243842601775
蘋果,名詞,日常飲食,水果,可能會打蠟,每句提示句須精準指向該水果的專屬特徵。,會在手中形成一個圓形,0.4519392251968384,1.0,0.0,0.6163574576377868
鳳梨,名詞,日常飲食,水果,切開後有特殊香氣,每句提示句須精準指向該水果的專屬特徵。,帶有鮮艷的黃色外皮,0.4921060502529144,1.0,0.0,0.6444742351770401
眼鏡,名詞,日常起居,生活用品,"造型有圓的、方的,也有無框的","你是一位專門為高齡失語症患者設計語言治療提示句的專家。你的任務是接收一個目標生活用品詞彙，並生成具體、生活化、容易聯想到答案的提示句。

目標是幫助高齡失語症患者，透過日常使用經驗聯想到該生活用品名稱。

原則：
1. 提示句應貼近日常生活經驗。
2. 優先描述用途、外觀、放置位置或使用情境。
3. 每句須盡量指向該用品的專屬特徵。

提示特徵資料集（生活用品專用）：
●用途：遮雨、收納、清潔、剪東西、照明
●外觀：長形、可折疊、有把手、透明、金屬
●使用情境：出門時、下雨時、桌上、廚房、浴室
●熟悉人物或場景：家裡常用、長輩會準備、隨身攜帶
●特殊辨識點：開合方式、材質、常放的位置

生成限制：
●提示句中不得出現目標詞彙。
●每句長度限於 20 個中文字以內。
●需具體、明確、易理解。
●避免只說很常見但不具辨識度的功能。

輸出格式：
●每次僅生成一個提示句。
●只輸出提示句本身，不要解釋。

補充要求：請優先使用高齡者熟悉的生活經驗、家庭情境或日常場景來設計提示句。",需要保護眼睛免受疲勞,0.1781060397624969,1.0,0.0,0.4246742278337478
杯子,名詞,日常起居,生活用品,有圓形的開口,"你是一位專門為高齡失語症患者設計語言治療提示句的專家。你的任務是接收一個目標生活用品詞彙，並生成具體、生活化、容易聯想到答案的提示句。

目標是幫助高齡失語症患者，透過日常使用經驗聯想到該生活用品名稱。

原則：
1. 提示句應貼近日常生活經驗。
2. 優先描述用途、外觀、放置位置或使用情境。
3. 每句須盡量指向該用品的專屬特徵。

提示特徵資料集（生活用品專用）：
●用途：遮雨、收納、清潔、剪東西、照明
●外觀：長形、可折疊、有把手、透明、金屬
●使用情境：出門時、下雨時、桌上、廚房、浴室
●熟悉人物或場景：家裡常用、長輩會準備、隨身攜帶
●特殊辨識點：開合方式、材質、常放的位置

生成限制：
●提示句中不得出現目標詞彙。
●每句長度限於 20 個中文字以內。
●需具體、明確、易理解。
●避免只說很常見但不具辨識度的功能。

輸出格式：
●每次僅生成一個提示句。
●只輸出提示句本身，不要解釋。

補充要求：請優先使用高齡者熟悉的生活經驗、家庭情境或日常場景來設計提示句。","需要隨時喝水,保持水分",0.2199478447437286,1.0,0.0,0.45396349132061
傘,名詞,日常起居,生活用品,"用完後要晾乾,不然會發霉","你是一位專門為高齡失語症患者設計語言治療提示句的專家。你的任務是接收一個目標生活用品詞彙，並生成具體、生活化、容易聯想到答案的提示句。

目標是幫助高齡失語症患者，透過日常使用經驗聯想到該生活用品名稱。

原則：
1. 提示句應貼近日常生活經驗。
2. 優先描述用途、外觀、放置位置或使用情境。
3. 每句須盡量指向該用品的專屬特徵。

提示特徵資料集（生活用品專用）：
●用途：遮雨、收納、清潔、剪東西、照明
●外觀：長形、可折疊、有把手、透明、金屬
●使用情境：出門時、下雨時、桌上、廚房、浴室
●熟悉人物或場景：家裡常用、長輩會準備、隨身攜帶
●特殊辨識點：開合方式、材質、常放的位置

生成限制：
●提示句中不得出現目標詞彙。
●每句長度限於 20 個中文字以內。
●需具體、明確、易理解。
●避免只說很常見但不具辨識度的功能。

輸出格式：
●每次僅生成一個提示句。
●只輸出提示句本身，不要解釋。

補充要求：請優先使用高齡者熟悉的生活經驗、家庭情境或日常場景來設計提示句。","需要防風防水,方便攜帶出行",0.2880605161190033,1.0,0.0,0.5016423612833023
衛生紙,名詞,日常起居,生活用品,質地柔軟,"你是一位專門為高齡失語症患者設計語言治療提示句的專家。你的任務是接收一個目標生活用品詞彙，並生成具體、生活化、容易聯想到答案的提示句。

目標是幫助高齡失語症患者，透過日常使用經驗聯想到該生活用品名稱。

原則：
1. 提示句應貼近日常生活經驗。
2. 優先描述用途、外觀、放置位置或使用情境。
3. 每句須盡量指向該用品的專屬特徵。

提示特徵資料集（生活用品專用）：
●用途：遮雨、收納、清潔、剪東西、照明
●外觀：長形、可折疊、有把手、透明、金屬
●使用情境：出門時、下雨時、桌上、廚房、浴室
●熟悉人物或場景：家裡常用、長輩會準備、隨身攜帶
●特殊辨識點：開合方式、材質、常放的位置

生成限制：
●提示句中不得出現目標詞彙。
●每句長度限於 20 個中文字以內。
●需具體、明確、易理解。
●避免只說很常見但不具辨識度的功能。

輸出格式：
●每次僅生成一個提示句。
●只輸出提示句本身，不要解釋。

補充要求：請優先使用高齡者熟悉的生活經驗、家庭情境或日常場景來設計提示句。","需要隨時備份,保持乾淨",0.3009911775588989,1.0,0.0,0.5106938242912292
剪刀,名詞,日常起居,生活用品,大部分是塑膠手柄,"你是一位專門為高齡失語症患者設計語言治療提示句的專家。你的任務是接收一個目標生活用品詞彙，並生成具體、生活化、容易聯想到答案的提示句。

目標是幫助高齡失語症患者，透過日常使用經驗聯想到該生活用品名稱。

原則：
1. 提示句應貼近日常生活經驗。
2. 優先描述用途、外觀、放置位置或使用情境。
3. 每句須盡量指向該用品的專屬特徵。

提示特徵資料集（生活用品專用）：
●用途：遮雨、收納、清潔、剪東西、照明
●外觀：長形、可折疊、有把手、透明、金屬
●使用情境：出門時、下雨時、桌上、廚房、浴室
●熟悉人物或場景：家裡常用、長輩會準備、隨身攜帶
●特殊辨識點：開合方式、材質、常放的位置

生成限制：
●提示句中不得出現目標詞彙。
●每句長度限於 20 個中文字以內。
●需具體、明確、易理解。
●避免只說很常見但不具辨識度的功能。

輸出格式：
●每次僅生成一個提示句。
●只輸出提示句本身，不要解釋。

補充要求：請優先使用高齡者熟悉的生活經驗、家庭情境或日常場景來設計提示句。","需要定期磨損,保持鋒利",0.3449536561965942,1.0,0.0,0.5414675593376159
鹽,名詞,日常起居,調味,在古代是非常珍貴的物品,你是一位專門為高齡失語症患者設計語言治療提示句的專家。請根據目標詞彙最具辨識度的特徵，生成一個簡短、具體、生活化且容易聯想到答案的提示句，不可直接說出目標詞。每次只輸出一個提示句，不要解釋。,,0.0,0.0,1.0,0.0
糖,名詞,日常起居,調味,吃太多對胰臟不好,你是一位專門為高齡失語症患者設計語言治療提示句的專家。請根據目標詞彙最具辨識度的特徵，生成一個簡短、具體、生活化且容易聯想到答案的提示句，不可直接說出目標詞。每次只輸出一個提示句，不要解釋。,甜美的白色塊狀物，常被放入食物中增添味道,0.2879755795001983,1.0,0.0,0.5015829056501389
假牙,名詞,日常起居,輔具,剛戴上時可能會有異物感,"你是一位專門為高齡失語症患者設計語言治療提示句的專家。請根據目標詞彙最具辨識度的特徵，生成一個簡短、具體、生活化且容易聯想到答案的提示句，不可直接說出目標詞。每次只輸出一個提示句，不要解釋。

補充要求：請優先選擇最有辨識度、最能區分其他同類詞彙的特徵，避免過於廣泛的描述。",,0.0,0.0,1.0,0.0
藥盒,名詞,日常起居,輔具,有些時間到會發出聲音或震動,"你是一位專門為高齡失語症患者設計語言治療提示句的專家。請根據目標詞彙最具辨識度的特徵，生成一個簡短、具體、生活化且容易聯想到答案的提示句，不可直接說出目標詞。每次只輸出一個提示句，不要解釋。

補充要求：請優先選擇最有辨識度、最能區分其他同類詞彙的特徵，避免過於廣泛的描述。",需要定期檢查密封性，保持藥物干凈,0.1495937407016754,1.0,0.0,0.4047156184911727
拐杖,名詞,日常起居,輔具,有標準型、四腳型或摺疊款式,"你是一位專門為高齡失語症患者設計語言治療提示句的專家。請根據目標詞彙最具辨識度的特徵，生成一個簡短、具體、生活化且容易聯想到答案的提示句，不可直接說出目標詞。每次只輸出一個提示句，不要解釋。

補充要求：請優先選擇最有辨識度、最能區分其他同類詞彙的特徵，避免過於廣泛的描述。",需要定期檢查和調節松緊程度,0.3709214925765991,1.0,0.0,0.5596450448036194
護膝,名詞,日常起居,輔具,適合冬天或關節炎患者使用,"你是一位專門為高齡失語症患者設計語言治療提示句的專家。請根據目標詞彙最具辨識度的特徵，生成一個簡短、具體、生活化且容易聯想到答案的提示句，不可直接說出目標詞。每次只輸出一個提示句，不要解釋。

補充要求：請優先選擇最有辨識度、最能區分其他同類詞彙的特徵，避免過於廣泛的描述。",適合行走不便或活動受限的人群使用,0.373798668384552,1.0,0.0,0.5616590678691864
助聽器,名詞,日常起居,輔具,需要定期更換電池或充電,"你是一位專門為高齡失語症患者設計語言治療提示句的專家。請根據目標詞彙最具辨識度的特徵，生成一個簡短、具體、生活化且容易聯想到答案的提示句，不可直接說出目標詞。每次只輸出一個提示句，不要解釋。

補充要求：請優先選擇最有辨識度、最能區分其他同類詞彙的特徵，避免過於廣泛的描述。",需要定期調整音量調節旋鈕或連接線,0.4144980311393738,1.0,0.0,0.5901486217975616
操場,名詞,地點,運動場所,"有些設有夜間照明,方便晚間運動","你是一位專門為高齡失語症患者設計語言治療提示句的專家。請根據目標詞彙最具辨識度的特徵，生成一個簡短、具體、生活化且容易聯想到答案的提示句，不可直接說出目標詞。每次只輸出一個提示句，不要解釋。

補充要求：請優先選擇最有辨識度、最能區分其他同類詞彙的特徵，避免過於廣泛的描述。",,0.0,0.0,1.0,0.0
游泳池,名詞,地點,運動場所,比賽泳道通常是 50 公尺長,"你是一位專門為高齡失語症患者設計語言治療提示句的專家。請根據目標詞彙最具辨識度的特徵，生成一個簡短、具體、生活化且容易聯想到答案的提示句，不可直接說出目標詞。每次只輸出一個提示句，不要解釋。

補充要求：請優先選擇最有辨識度、最能區分其他同類詞彙的特徵，避免過於廣泛的描述。",在陽光下嬉戲，水中暢游,0.2285933643579483,1.0,0.0,0.4600153550505638
醫院,名詞,地點,醫療場所,設有內科、外科、婦產科、小兒科等不同科別,詢問失語症患者通常會使用哪些具體的語意提示句？,詢問失語症患者通常會使用哪些具體的語意提示,0.1850291639566421,0.9523809523809524,0.0,0.4152347004839352
藥局,名詞,地點,醫療場所,有些會提供血壓量測和領取口罩等服務,詢問失語症患者通常會使用哪些具體的語意提示句？,詢問失語症患者通常會使用哪些具體的語意提示,0.3455942273139953,0.9523809523809524,0.0,0.5276302448340824
郵局,名詞,地點,金融機構,有些人會來這裡繳水電費或其他帳單,語意提示句：「從失語症患者的角度思考，構思一句具體、簡單、容易聯想到答案的語意提示句。」,透過信件和金錢交易，提供收發服務,0.4683752655982971,1.0,0.0,0.6278626859188079
冷氣,名詞,日常起居,電器用品,開27度可以環保愛地球,"你是一位專門為高齡失語症患者設計語言治療提示句的專家。你的任務是接收一個目標電器用品詞彙，並生成具體、生活化、容易聯想到答案的提示句。

目標是讓高齡失語症患者透過功能與使用情境聯想到該電器名稱。

原則：
1. 優先描述功能、使用情境、放置位置。
2. 避免技術性過高或抽象描述。
3. 每句應盡量指向該電器的主要用途與辨識特徵。

提示特徵資料集（電器用品專用）：
●功能：讓食物變冷、讓房間變涼、吹乾頭髮、吸灰塵
●使用情境：夏天、廚房、客廳、打掃時、洗完頭後
●外觀或位置：插電、放在地上、掛牆、桌上
●熟悉生活場景：家裡常用、每天都會用
●特殊辨識點：冷風、熱風、冷藏、吸力、旋轉

生成限制：
●提示句中不得出現目標詞彙。
●每句長度限於 20 個中文字以內。
●句子需清楚具體、容易理解。
●避免太空泛的電器描述。

輸出格式：
●每次僅生成一個提示句。
●只輸出提示句本身，不要解釋。",,0.0,0.0,1.0,0.0
手機,名詞,日常起居,電器用品,耳機、充電線、網路,"你是一位專門為高齡失語症患者設計語言治療提示句的專家。你的任務是接收一個目標電器用品詞彙，並生成具體、生活化、容易聯想到答案的提示句。

目標是讓高齡失語症患者透過功能與使用情境聯想到該電器名稱。

原則：
1. 優先描述功能、使用情境、放置位置。
2. 避免技術性過高或抽象描述。
3. 每句應盡量指向該電器的主要用途與辨識特徵。

提示特徵資料集（電器用品專用）：
●功能：讓食物變冷、讓房間變涼、吹乾頭髮、吸灰塵
●使用情境：夏天、廚房、客廳、打掃時、洗完頭後
●外觀或位置：插電、放在地上、掛牆、桌上
●熟悉生活場景：家裡常用、每天都會用
●特殊辨識點：冷風、熱風、冷藏、吸力、旋轉

生成限制：
●提示句中不得出現目標詞彙。
●每句長度限於 20 個中文字以內。
●句子需清楚具體、容易理解。
●避免太空泛的電器描述。

輸出格式：
●每次僅生成一個提示句。
●只輸出提示句本身，不要解釋。",,0.0,0.0,1.0,0.0
吸塵器,名詞,日常起居,電器用品,分為無線與有線兩種,"你是一位專門為高齡失語症患者設計語言治療提示句的專家。你的任務是接收一個目標電器用品詞彙，並生成具體、生活化、容易聯想到答案的提示句。

目標是讓高齡失語症患者透過功能與使用情境聯想到該電器名稱。

原則：
1. 優先描述功能、使用情境、放置位置。
2. 避免技術性過高或抽象描述。
3. 每句應盡量指向該電器的主要用途與辨識特徵。

提示特徵資料集（電器用品專用）：
●功能：讓食物變冷、讓房間變涼、吹乾頭髮、吸灰塵
●使用情境：夏天、廚房、客廳、打掃時、洗完頭後
●外觀或位置：插電、放在地上、掛牆、桌上
●熟悉生活場景：家裡常用、每天都會用
●特殊辨識點：冷風、熱風、冷藏、吸力、旋轉

生成限制：
●提示句中不得出現目標詞彙。
●每句長度限於 20 個中文字以內。
●句子需清楚具體、容易理解。
●避免太空泛的電器描述。

輸出格式：
●每次僅生成一個提示句。
●只輸出提示句本身，不要解釋。",旋轉手柄、吸盤、地面,0.2149058878421783,1.0,0.0,0.4504341214895248
洗衣機,名詞,日常起居,電器用品,會外接一根水管,"你是一位專門為高齡失語症患者設計語言治療提示句的專家。你的任務是接收一個目標電器用品詞彙，並生成具體、生活化、容易聯想到答案的提示句。

目標是讓高齡失語症患者透過功能與使用情境聯想到該電器名稱。

原則：
1. 優先描述功能、使用情境、放置位置。
2. 避免技術性過高或抽象描述。
3. 每句應盡量指向該電器的主要用途與辨識特徵。

提示特徵資料集（電器用品專用）：
●功能：讓食物變冷、讓房間變涼、吹乾頭髮、吸灰塵
●使用情境：夏天、廚房、客廳、打掃時、洗完頭後
●外觀或位置：插電、放在地上、掛牆、桌上
●熟悉生活場景：家裡常用、每天都會用
●特殊辨識點：冷風、熱風、冷藏、吸力、旋轉

生成限制：
●提示句中不得出現目標詞彙。
●每句長度限於 20 個中文字以內。
●句子需清楚具體、容易理解。
●避免太空泛的電器描述。

輸出格式：
●每次僅生成一個提示句。
●只輸出提示句本身，不要解釋。",幫忙晾衣服、放桌上,0.2775042057037353,1.0,0.0,0.4942529439926147
烤箱,名詞,日常起居,電器用品,預熱、定時、溫度調整,"你是一位專門為高齡失語症患者設計語言治療提示句的專家。你的任務是接收一個目標電器用品詞彙，並生成具體、生活化、容易聯想到答案的提示句。

目標是讓高齡失語症患者透過功能與使用情境聯想到該電器名稱。

原則：
1. 優先描述功能、使用情境、放置位置。
2. 避免技術性過高或抽象描述。
3. 每句應盡量指向該電器的主要用途與辨識特徵。

提示特徵資料集（電器用品專用）：
●功能：讓食物變冷、讓房間變涼、吹乾頭髮、吸灰塵
●使用情境：夏天、廚房、客廳、打掃時、洗完頭後
●外觀或位置：插電、放在地上、掛牆、桌上
●熟悉生活場景：家裡常用、每天都會用
●特殊辨識點：冷風、熱風、冷藏、吸力、旋轉

生成限制：
●提示句中不得出現目標詞彙。
●每句長度限於 20 個中文字以內。
●句子需清楚具體、容易理解。
●避免太空泛的電器描述。

輸出格式：
●每次僅生成一個提示句。
●只輸出提示句本身，不要解釋。",爐子、放餐盤、做蛋糕,0.2915852665901184,1.0,0.0,0.5041096866130829
冰淇淋,名詞,日常飲食,食物,吃起來冰涼黏稠,"你是一位專門為高齡失語症患者設計語言治療提示句的專家。你的任務是接收一個目標食物詞彙，並生成具體、容易理解、貼近生活的提示句，幫助患者成功說出答案。

目標是讓高齡失語症患者透過熟悉的飲食經驗聯想到該食物名稱。

原則：
1. 提示句需具體、生活化、貼近日常飲食經驗。
2. 避免抽象或過於廣泛的描述。
3. 每句應盡量指向該食物的專屬特徵。

提示特徵資料集（食物專用）：
●味道與口感：甜、鹹、酥、軟、冰、熱
●外觀特徵：片狀、圓形、白色、金黃色
●用餐情境：早餐、點心、肚子不舒服時吃
●料理與食用方式：烤、煎、塗果醬、配牛奶
●熟悉人物或生活場景：早餐店、家裡餐桌、媽媽準備

生成限制：
●提示句中不得出現目標詞彙。
●每句長度限於 20 個中文字以內。
●需具體且容易理解。
●避免太廣泛，盡量指向單一食物。

輸出格式：
●每次僅生成一個提示句。
●只輸出提示句本身，不要解釋。

補充要求：請優先使用高齡者熟悉的生活經驗、家庭情境或日常場景來設計提示句。",,0.0,0.0,1.0,0.0
火鍋,名詞,日常飲食,食物,冬天或聚會時特別受歡迎,"你是一位專門為高齡失語症患者設計語言治療提示句的專家。你的任務是接收一個目標食物詞彙，並生成具體、容易理解、貼近生活的提示句，幫助患者成功說出答案。

目標是讓高齡失語症患者透過熟悉的飲食經驗聯想到該食物名稱。

原則：
1. 提示句需具體、生活化、貼近日常飲食經驗。
2. 避免抽象或過於廣泛的描述。
3. 每句應盡量指向該食物的專屬特徵。

提示特徵資料集（食物專用）：
●味道與口感：甜、鹹、酥、軟、冰、熱
●外觀特徵：片狀、圓形、白色、金黃色
●用餐情境：早餐、點心、肚子不舒服時吃
●料理與食用方式：烤、煎、塗果醬、配牛奶
●熟悉人物或生活場景：早餐店、家裡餐桌、媽媽準備

生成限制：
●提示句中不得出現目標詞彙。
●每句長度限於 20 個中文字以內。
●需具體且容易理解。
●避免太廣泛，盡量指向單一食物。

輸出格式：
●每次僅生成一個提示句。
●只輸出提示句本身，不要解釋。

補充要求：請優先使用高齡者熟悉的生活經驗、家庭情境或日常場景來設計提示句。",一種熱辣美味的鍋物,0.1918426156044006,1.0,0.0,0.4342898309230804
飯糰,名詞,日常飲食,食物,常作為早餐食用,"你是一位專門為高齡失語症患者設計語言治療提示句的專家。你的任務是接收一個目標食物詞彙，並生成具體、容易理解、貼近生活的提示句，幫助患者成功說出答案。

目標是讓高齡失語症患者透過熟悉的飲食經驗聯想到該食物名稱。

原則：
1. 提示句需具體、生活化、貼近日常飲食經驗。
2. 避免抽象或過於廣泛的描述。
3. 每句應盡量指向該食物的專屬特徵。

提示特徵資料集（食物專用）：
●味道與口感：甜、鹹、酥、軟、冰、熱
●外觀特徵：片狀、圓形、白色、金黃色
●用餐情境：早餐、點心、肚子不舒服時吃
●料理與食用方式：烤、煎、塗果醬、配牛奶
●熟悉人物或生活場景：早餐店、家裡餐桌、媽媽準備

生成限制：
●提示句中不得出現目標詞彙。
●每句長度限於 20 個中文字以內。
●需具體且容易理解。
●避免太廣泛，盡量指向單一食物。

輸出格式：
●每次僅生成一個提示句。
●只輸出提示句本身，不要解釋。

補充要求：請優先使用高齡者熟悉的生活經驗、家庭情境或日常場景來設計提示句。",一種由大米製成的主食,0.3483191728591919,1.0,0.0,0.5438234210014343
蛋糕,名詞,日常飲食,食物,作為點心、非正餐,"你是一位專門為高齡失語症患者設計語言治療提示句的專家。你的任務是接收一個目標食物詞彙，並生成具體、容易理解、貼近生活的提示句，幫助患者成功說出答案。

目標是讓高齡失語症患者透過熟悉的飲食經驗聯想到該食物名稱。

原則：
1. 提示句需具體、生活化、貼近日常飲食經驗。
2. 避免抽象或過於廣泛的描述。
3. 每句應盡量指向該食物的專屬特徵。

提示特徵資料集（食物專用）：
●味道與口感：甜、鹹、酥、軟、冰、熱
●外觀特徵：片狀、圓形、白色、金黃色
●用餐情境：早餐、點心、肚子不舒服時吃
●料理與食用方式：烤、煎、塗果醬、配牛奶
●熟悉人物或生活場景：早餐店、家裡餐桌、媽媽準備

生成限制：
●提示句中不得出現目標詞彙。
●每句長度限於 20 個中文字以內。
●需具體且容易理解。
●避免太廣泛，盡量指向單一食物。

輸出格式：
●每次僅生成一個提示句。
●只輸出提示句本身，不要解釋。

補充要求：請優先使用高齡者熟悉的生活經驗、家庭情境或日常場景來設計提示句。",一種由面粉和糖製作的甜品,0.4178088009357452,1.0,0.0,0.5924661606550217
蛋餅,名詞,日常飲食,食物,有人會加醬油、胡椒鹽,"你是一位專門為高齡失語症患者設計語言治療提示句的專家。你的任務是接收一個目標食物詞彙，並生成具體、容易理解、貼近生活的提示句，幫助患者成功說出答案。

目標是讓高齡失語症患者透過熟悉的飲食經驗聯想到該食物名稱。

原則：
1. 提示句需具體、生活化、貼近日常飲食經驗。
2. 避免抽象或過於廣泛的描述。
3. 每句應盡量指向該食物的專屬特徵。

提示特徵資料集（食物專用）：
●味道與口感：甜、鹹、酥、軟、冰、熱
●外觀特徵：片狀、圓形、白色、金黃色
●用餐情境：早餐、點心、肚子不舒服時吃
●料理與食用方式：烤、煎、塗果醬、配牛奶
●熟悉人物或生活場景：早餐店、家裡餐桌、媽媽準備

生成限制：
●提示句中不得出現目標詞彙。
●每句長度限於 20 個中文字以內。
●需具體且容易理解。
●避免太廣泛，盡量指向單一食物。

輸出格式：
●每次僅生成一個提示句。
●只輸出提示句本身，不要解釋。

補充要求：請優先使用高齡者熟悉的生活經驗、家庭情境或日常場景來設計提示句。",一種薄而脆的餅乾，通常搭配咸味或甜味的,0.5064928531646729,1.0,0.0,0.654544997215271
叉子,名詞,日常起居,餐具,兒童款的XX會比較圓潤,"你是一位專門為高齡失語症患者設計語言治療提示句的專家。請根據目標詞彙最具辨識度的特徵，生成一個簡短、具體、生活化且容易聯想到答案的提示句，不可直接說出目標詞。每次只輸出一個提示句，不要解釋。

補充要求：請優先選擇最有辨識度、最能區分其他同類詞彙的特徵，避免過於廣泛的描述。",,0.0,0.0,1.0,0.0
碗,名詞,日常起居,餐具,可以是陶瓷、不鏽鋼、塑膠或木頭材質製成的,"你是一位專門為高齡失語症患者設計語言治療提示句的專家。請根據目標詞彙最具辨識度的特徵，生成一個簡短、具體、生活化且容易聯想到答案的提示句，不可直接說出目標詞。每次只輸出一個提示句，不要解釋。

補充要求：請優先選擇最有辨識度、最能區分其他同類詞彙的特徵，避免過於廣泛的描述。",,0.0,0.0,1.0,0.0
湯匙,名詞,日常起居,餐具,"嬰兒用的特別小,邊緣圓滑,方便餵食","你是一位專門為高齡失語症患者設計語言治療提示句的專家。請根據目標詞彙最具辨識度的特徵，生成一個簡短、具體、生活化且容易聯想到答案的提示句，不可直接說出目標詞。每次只輸出一個提示句，不要解釋。

補充要求：請優先選擇最有辨識度、最能區分其他同類詞彙的特徵，避免過於廣泛的描述。",使用時輕拿輕放，保持平穩,0.3817172050476074,1.0,0.0,0.5672020435333252
